University	Research Area	Domain
Academy of Military Science	Aeronautical and astronautical science and technology	
Aero Engine Corporation of China	Aeronautical and astronautical science and technology	aecc.cn
Air Force Command College	Aeronautical and astronautical science and technology	
Air Force Engineering University	Aeronautical and astronautical science and technology	afeu.cn
Air Force Flight Academy Shijiazhuang	Aeronautical and astronautical science and technology	
Air Force Harbin Flight Academy	Aeronautical and astronautical science and technology	
Air Force Logistics University	Aeronautical and astronautical science and technology	
Air Force Research Institute	Aeronautical and astronautical science and technology	
Air Force Xi’an Flight Academy	Aeronautical and astronautical science and technology	
Army Aviation College	Aeronautical and astronautical science and technology	
Aviation Industry Corporation of China	Aeronautical and astronautical science and technology	avic.com
Aviation University of Air Force	Aeronautical and astronautical science and technology	
Beihang University	Aeronautical and astronautical science and technology	buaa.edu.cn
Central South University	Aeronautical and astronautical science and technology	csu.edu.cn
China Aerodynamics Research and Development Center	Aeronautical and astronautical science and technology	cardc.cn
China Aerospace Science and Industry Corporation	Aeronautical and astronautical science and technology	casic.cn
China Aerospace Science and Technology Corporation	Aeronautical and astronautical science and technology	spacechina.com
Chinese Academy of Engineering Physics	Aeronautical and astronautical science and technology	caep.cn
Commercial Aircraft Corporation of China	Aeronautical and astronautical science and technology	comac.cc
Harbin Institute of Technology	Aeronautical and astronautical science and technology	hit.edu.cn
Nanjing University of Aeronautics and Astronautics	Aeronautical and astronautical science and technology	nuaa.edu.cn
National University of Defense Technology	Aeronautical and astronautical science and technology	nudt.edu.cn
Navy Aviation University	Aeronautical and astronautical science and technology	
North China Institute of Aerospace Engineering	Aeronautical and astronautical science and technology	nciae.edu.cn
Northwestern Polytechnical University	Aeronautical and astronautical science and technology	nwpu.edu.cn
Peking University	Aeronautical and astronautical science and technology	pku.edu.cn
Rocket Force Research Institute	Aeronautical and astronautical science and technology	
Rocket Force University of Engineering	Aeronautical and astronautical science and technology	
Shanghai Jiao Tong University	Aeronautical and astronautical science and technology	sjtu.edu.cn
Shenyang Aerospace University	Aeronautical and astronautical science and technology	sau.edu.cn
Space Engineering University	Aeronautical and astronautical science and technology	
Xi’an Jiaotong University	Aeronautical and astronautical science and technology	xjtu.edu.cn
Zhejiang University	Aeronautical and astronautical science and technology	zju.edu.cn
Air Force Engineering University	Armament science and technology	afeu.cn
Army Academy of Armored Forces	Armament science and technology	
Army Academy of Artillery and Air Defense	Armament science and technology	
Army Engineering University	Armament science and technology	
Army Infantry Academy	Armament science and technology	
Army Military Transportation Academy	Armament science and technology	
Aviation Industry Corporation of China	Armament science and technology	avic.com
Beijing Institute of Technology	Armament science and technology	bit.edu.cn
China Aerospace Science and Industry Corporation	Armament science and technology	casic.cn
China Aerospace Science and Technology Corporation	Armament science and technology	spacechina.com
China North Industries Group	Armament science and technology	norincogroup.com.cn
China Shipbuilding Industry Corporation	Armament science and technology	csic.com.cn
China South Industries Group	Armament science and technology	chinasouth.com.cn
Chinese Academy of Engineering Physics	Armament science and technology	caep.cn
Dalian Naval Academy	Armament science and technology	dlut.edu.cn
Engineering University of the CAPF	Armament science and technology	
Harbin Engineering University	Armament science and technology	hrbeu.edu.cn
Hunan University of Science and Technology	Armament science and technology	hnust.cn
Jilin University	Armament science and technology	jlu.edu.cn
Nanjing Tech University	Armament science and technology	njtech.edu.cn
Nanjing University of Science and Technology	Armament science and technology	njust.edu.cn
National University of Defense Technology	Armament science and technology	nudt.edu.cn
Naval Command College	Armament science and technology	
Naval University of Engineering	Armament science and technology	
Navy Aviation University	Armament science and technology	
Navy Submarine Academy	Armament science and technology	
North University of China	Armament science and technology	nuc.edu.cn
Rocket Force Research Institute	Armament science and technology	
Rocket Force Sergeant School	Armament science and technology	
Rocket Force University of Engineering	Armament science and technology	
Shenyang Ligong University	Armament science and technology	
Southwest University of Science and Technology	Armament science and technology	swust.edu.cn
Space Engineering University	Armament science and technology	
Special Police Academy	Armament science and technology	
Tsinghua University	Armament science and technology	tsinghua.edu.cn
Xi’an Technological University	Armament science and technology	
Academy of Military Science	Artificial intelligence	
Beijing University of Chemical Technology	Artificial intelligence	buct.edu.cn
Changchun University of Science and Technology	Artificial intelligence	cust.edu.cn
China Electronics Corporation	Artificial intelligence	cec.com.cn
Dalian Minzu University	Artificial intelligence	dlnu.edu.cn
Engineering University of the CAPF	Artificial intelligence	
Hangzhou Dianzi University	Artificial intelligence	hdu.edu.cn
Hangzhou Normal University	Artificial intelligence	hznu.edu.cn
Harbin Engineering University	Artificial intelligence	hrbeu.edu.cn
Huazhong University of Science and Technology	Artificial intelligence	hust.edu.cn
Nanjing University	Artificial intelligence	nju.edu.cn
National University of Defense Technology	Artificial intelligence	nudt.edu.cn
Navy Submarine Academy	Artificial intelligence	
People’s Armed Police Command College	Artificial intelligence	
People’s Public Security University of China	Artificial intelligence	ppsuc.edu.cn
Shenzhen University	Artificial intelligence	
Sichuan University	Artificial intelligence	scu.edu.cn
Tsinghua University	Artificial intelligence	tsinghua.edu.cn
Xi’an University of Posts and Telecommunications	Artificial intelligence	
Air Force Medical University	Biology	
Army Medical University	Biology	
Institute of NBC Defense	Biology	
Navy Medical University	Biology	
Northwestern Polytechnical University	Biology	nwpu.edu.cn
Academy of Military Science	Biomedical engineering	
Air Force Medical University	Biomedical engineering	
Beihang University	Biomedical engineering	buaa.edu.cn
Navy Medical University	Biomedical engineering	
Academy of Military Science	Chemistry	
East China University of Technology	Chemistry	ecut.edu.cn
Institute of NBC Defense	Chemistry	
Lanzhou University	Chemistry	lzu.edu.cn
Nanjing Tech University	Chemistry	njtech.edu.cn
Northwest Institute of Nuclear Technology	Chemistry	
Peking University	Chemistry	pku.edu.cn
Tianjin University	Chemistry	tju.edu.cn
Beihang University	Computer science and technology	buaa.edu.cn
Beijing University of Posts and Telecommunications	Computer science and technology	bupt.edu.cn
China Aerodynamics Research and Development Center	Computer science and technology	cardc.cn
China Electronics Technology Group Corporation	Computer science and technology	cetc.com.cn
China North Industries Group	Computer science and technology	norincogroup.com.cn
Chinese Academy of Engineering Physics	Computer science and technology	caep.cn
Engineering University of the CAPF	Computer science and technology	
Hangzhou Dianzi University	Computer science and technology	hdu.edu.cn
Harbin Institute of Technology	Computer science and technology	hit.edu.cn
Hunan University	Computer science and technology	hnu.edu.cn
Information Engineering University	Computer science and technology	plaieu.edu.cn
Jilin University	Computer science and technology	jlu.edu.cn
Nanjing Institute of Information Technology	Computer science and technology	
National University of Defense Technology	Computer science and technology	nudt.edu.cn
North China Institute of Aerospace Engineering	Computer science and technology	nciae.edu.cn
Rocket Force University of Engineering	Computer science and technology	
Shenyang Aerospace University	Computer science and technology	sau.edu.cn
Shijiazhuang Tiedao University	Computer science and technology	stdu.edu.cn
Sun Yat-sen University	Computer science and technology	sysu.edu.cn
Wuhan University	Computer science and technology	whu.edu.cn
Wuhan University of Technology	Computer science and technology	whut.edu.cn
Xi’an Jiaotong University	Computer science and technology	xjtu.edu.cn
Xidian University	Computer science and technology	xidian.edu.cn
Yunnan Normal University	Computer science and technology	ynnu.edu.cn
Zhejiang University	Computer science and technology	zju.edu.cn
Academy of Military Science	Control science and engineering	
Air Force Command College	Control science and engineering	
Air Force Communication NCO Academy	Control science and engineering	
Air Force Early Warning Academy	Control science and engineering	
Air Force Engineering University	Control science and engineering	afeu.cn
Air Force Research Institute	Control science and engineering	
Army Academy of Armored Forces	Control science and engineering	
Army Academy of Artillery and Air Defense	Control science and engineering	
Army Academy of Border and Coastal Defense	Control science and engineering	
Army Engineering University	Control science and engineering	
Army Military Transportation Academy	Control science and engineering	
Army Research Institute	Control science and engineering	
Beihang University	Control science and engineering	buaa.edu.cn
Beijing Institute of Technology	Control science and engineering	bit.edu.cn
Beijing University of Chemical Technology	Control science and engineering	buct.edu.cn
Beijing University of Posts and Telecommunications	Control science and engineering	bupt.edu.cn
Central South University	Control science and engineering	csu.edu.cn
China Aerospace Science and Industry Corporation	Control science and engineering	casic.cn
China Aerospace Science and Technology Corporation	Control science and engineering	spacechina.com
China Electronics Corporation	Control science and engineering	cec.com.cn
China North Industries Group	Control science and engineering	norincogroup.com.cn
China University of Mining and Technology	Control science and engineering	cumt.edu.cn
Chinese Academy of Engineering Physics	Control science and engineering	caep.cn
Chongqing University	Control science and engineering	cqu.edu.cn
Dalian Naval Academy	Control science and engineering	dlut.edu.cn
Guilin University of Electronic Science and Technology	Control science and engineering	guet.edu.cn
Hangzhou Dianzi University	Control science and engineering	hdu.edu.cn
Harbin Engineering University	Control science and engineering	hrbeu.edu.cn
Harbin Institute of Technology	Control science and engineering	hit.edu.cn
Hebei University of Science and Technology	Control science and engineering	hebust.edu.cn
Henan University of Science and Technology	Control science and engineering	
Huazhong University of Science and Technology	Control science and engineering	hust.edu.cn
Hunan University	Control science and engineering	hnu.edu.cn
Hunan University of Science and Technology	Control science and engineering	hnust.cn
Information Engineering University	Control science and engineering	plaieu.edu.cn
Jiangsu University of Science and Technology	Control science and engineering	
Lanzhou University of Technology	Control science and engineering	lut.edu.cn
Nanjing Tech University	Control science and engineering	njtech.edu.cn
Nanjing University of Aeronautics and Astronautics	Control science and engineering	nuaa.edu.cn
Nanjing University of Science and Technology	Control science and engineering	njust.edu.cn
National University of Defense Technology	Control science and engineering	nudt.edu.cn
Navy Aviation University	Control science and engineering	
Navy Submarine Academy	Control science and engineering	
Northwest Institute of Nuclear Technology	Control science and engineering	
Northwestern Polytechnical University	Control science and engineering	nwpu.edu.cn
Officers College of the PAP	Control science and engineering	
Rocket Force Command College	Control science and engineering	
Rocket Force Research Institute	Control science and engineering	
Rocket Force University of Engineering	Control science and engineering	
Shandong University	Control science and engineering	sdu.edu.cn
Shanghai Jiao Tong University	Control science and engineering	sjtu.edu.cn
Shenyang Aerospace University	Control science and engineering	sau.edu.cn
Shenyang Ligong University	Control science and engineering	
Shenzhen University	Control science and engineering	
Sichuan University	Control science and engineering	scu.edu.cn
Southeast University	Control science and engineering	seu.edu.cn
Southwest University of Science and Technology	Control science and engineering	swust.edu.cn
Space Engineering University	Control science and engineering	
Tsinghua University	Control science and engineering	tsinghua.edu.cn
University of Shanghai for Science and Technology	Control science and engineering	usst.edu.cn
Wuhan University	Control science and engineering	whu.edu.cn
Xi’an Technological University	Control science and engineering	
Xidian University	Control science and engineering	xidian.edu.cn
Yanshan University	Control science and engineering	ysu.edu.cn
Zhejiang University	Control science and engineering	zju.edu.cn
Beijing Electronic Science and Technology Institute	Cryptography	
Information Engineering University	Cryptography	plaieu.edu.cn
Shandong University	Cryptography	sdu.edu.cn
University of Science and Technology of China	Cryptography	ustc.edu.cn
Beijing Electronic Science and Technology Institute	Cyber	
Beijing University of Posts and Telecommunications	Cyber	bupt.edu.cn
China Electronics Corporation	Cyber	cec.com.cn
China Electronics Technology Group Corporation	Cyber	cetc.com.cn
China North Industries Group	Cyber	norincogroup.com.cn
Hangzhou Normal University	Cyber	hznu.edu.cn
Harbin Institute of Technology	Cyber	hit.edu.cn
Harbin University of Science and Technology	Cyber	hrbust.edu.cn
Heilongjiang University	Cyber	hlju.edu.cn
Information Engineering University	Cyber	plaieu.edu.cn
Nanjing Institute of Information Technology	Cyber	
Nanjing University	Cyber	nju.edu.cn
National University of Defense Technology	Cyber	nudt.edu.cn
Northwestern Polytechnical University	Cyber	nwpu.edu.cn
People’s Public Security University of China	Cyber	ppsuc.edu.cn
Shandong University	Cyber	sdu.edu.cn
Shanghai Jiao Tong University	Cyber	sjtu.edu.cn
Sichuan University	Cyber	scu.edu.cn
Southeast University	Cyber	seu.edu.cn
Tsinghua University	Cyber	tsinghua.edu.cn
University of Electronic Science and Technology of China	Cyber	uestc.edu.cn
Wuhan University	Cyber	whu.edu.cn
Xi’an Jiaotong University	Cyber	xjtu.edu.cn
Xidian University	Cyber	xidian.edu.cn
Zhejiang University	Cyber	zju.edu.cn
Aero Engine Corporation of China	Electrical Engineering	aecc.cn
Army Academy of Armored Forces	Electrical Engineering	
Army Academy of Artillery and Air Defense	Electrical Engineering	
China Aerospace Science and Industry Corporation	Electrical Engineering	casic.cn
China Electronics Technology Group Corporation	Electrical Engineering	cetc.com.cn
China South Industries Group	Electrical Engineering	chinasouth.com.cn
Chinese Academy of Engineering Physics	Electrical Engineering	caep.cn
Harbin Institute of Technology	Electrical Engineering	hit.edu.cn
Harbin University of Science and Technology	Electrical Engineering	hrbust.edu.cn
Hunan University	Electrical Engineering	hnu.edu.cn
Nanjing University of Aeronautics and Astronautics	Electrical Engineering	nuaa.edu.cn
National University of Defense Technology	Electrical Engineering	nudt.edu.cn
Navy Aviation University	Electrical Engineering	
Navy Submarine Academy	Electrical Engineering	
Rocket Force University of Engineering	Electrical Engineering	
Soochow University	Electrical Engineering	suda.edu.cn
University of Electronic Science and Technology of China	Electrical Engineering	uestc.edu.cn
Xi’an Jiaotong University	Electrical Engineering	xjtu.edu.cn
Yanshan University	Electrical Engineering	ysu.edu.cn
Air Force Early Warning Academy	Electronics science and technology	
Air Force Research Institute	Electronics science and technology	
Army Academy of Armored Forces	Electronics science and technology	
Army Engineering University	Electronics science and technology	
Army Research Institute	Electronics science and technology	
Aviation University of Air Force	Electronics science and technology	
Changchun University of Science and Technology	Electronics science and technology	cust.edu.cn
China Aerospace Science and Technology Corporation	Electronics science and technology	spacechina.com
China Electronics Technology Group Corporation	Electronics science and technology	cetc.com.cn
Chinese Academy of Engineering Physics	Electronics science and technology	caep.cn
Chongqing University	Electronics science and technology	cqu.edu.cn
Guilin University of Electronic Science and Technology	Electronics science and technology	guet.edu.cn
Hangzhou Dianzi University	Electronics science and technology	hdu.edu.cn
Harbin Institute of Technology	Electronics science and technology	hit.edu.cn
Heilongjiang University	Electronics science and technology	hlju.edu.cn
Huazhong University of Science and Technology	Electronics science and technology	hust.edu.cn
Hunan University of Science and Technology	Electronics science and technology	hnust.cn
Jilin University	Electronics science and technology	jlu.edu.cn
Lanzhou University	Electronics science and technology	lzu.edu.cn
Nanjing University	Electronics science and technology	nju.edu.cn
Nanjing University of Aeronautics and Astronautics	Electronics science and technology	nuaa.edu.cn
Nanjing University of Science and Technology	Electronics science and technology	njust.edu.cn
National University of Defense Technology	Electronics science and technology	nudt.edu.cn
Northwest Institute of Nuclear Technology	Electronics science and technology	
Northwestern Polytechnical University	Electronics science and technology	nwpu.edu.cn
Officers College of the PAP	Electronics science and technology	
Peking University	Electronics science and technology	pku.edu.cn
Shanghai University	Electronics science and technology	shu.edu.cn
Space Engineering University	Electronics science and technology	
Sun Yat-sen University	Electronics science and technology	sysu.edu.cn
Tianjin University	Electronics science and technology	tsinghua.edu.cn
Tsinghua University	Electronics science and technology	tsinghua.edu.cn
University of Electronic Science and Technology of China	Electronics science and technology	uestc.edu.cn
University of Science and Technology of China	Electronics science and technology	ustc.edu.cn
Wuhan University	Electronics science and technology	whu.edu.cn
Xi’an Technological University	Electronics science and technology	
Xiangtan University	Electronics science and technology	xtu.edu.cn
Xidian University	Electronics science and technology	xidian.edu.cn
China University of Geosciences (Wuhan)	Geological resources and engineering	
Air Force Communication NCO Academy	Information and communication engineering	
Air Force Early Warning Academy	Information and communication engineering	
Air Force Research Institute	Information and communication engineering	
Army Academy of Armored Forces	Information and communication engineering	
Army Academy of Border and Coastal Defense	Information and communication engineering	
Army Aviation College	Information and communication engineering	
Army Engineering University	Information and communication engineering	
Army Infantry Academy	Information and communication engineering	
Aviation University of Air Force	Information and communication engineering	
Beijing Institute of Technology	Information and communication engineering	bit.edu.cn
Beijing University of Posts and Telecommunications	Information and communication engineering	bupt.edu.cn
China Aerospace Science and Technology Corporation	Information and communication engineering	spacechina.com
China Coast Guard Academy	Information and communication engineering	
China Electronics Corporation	Information and communication engineering	cec.com.cn
China Electronics Technology Group Corporation	Information and communication engineering	cetc.com.cn
China South Industries Group	Information and communication engineering	chinasouth.com.cn
Chinese Academy of Engineering Physics	Information and communication engineering	caep.cn
Dalian Naval Academy	Information and communication engineering	dlut.edu.cn
Engineering University of the CAPF	Information and communication engineering	
Guilin University of Electronic Science and Technology	Information and communication engineering	guet.edu.cn
Hangzhou Dianzi University	Information and communication engineering	hdu.edu.cn
Harbin Institute of Technology	Information and communication engineering	hit.edu.cn
Heilongjiang University	Information and communication engineering	hlju.edu.cn
Huazhong University of Science and Technology	Information and communication engineering	hust.edu.cn
Information Engineering University	Information and communication engineering	plaieu.edu.cn
Lanzhou University	Information and communication engineering	lzu.edu.cn
Nanjing University of Science and Technology	Information and communication engineering	njust.edu.cn
National University of Defense Technology	Information and communication engineering	nudt.edu.cn
Naval Petty Officer Academy	Information and communication engineering	
Naval Research Academy	Information and communication engineering	
Naval University of Engineering	Information and communication engineering	
Navy Submarine Academy	Information and communication engineering	
North University of China	Information and communication engineering	nuc.edu.cn
Northwest Institute of Nuclear Technology	Information and communication engineering	
Northwestern Polytechnical University	Information and communication engineering	nwpu.edu.cn
Railway Police College	Information and communication engineering	
Rocket Force University of Engineering	Information and communication engineering	
Shenyang Ligong University	Information and communication engineering	
Southeast University	Information and communication engineering	seu.edu.cn
Southwest University of Science and Technology	Information and communication engineering	swust.edu.cn
Space Engineering University	Information and communication engineering	
Sun Yat-sen University	Information and communication engineering	sysu.edu.cn
Tianjin University	Information and communication engineering	tju.edu.cn
Tsinghua University	Information and communication engineering	tsinghua.edu.cn
University of Electronic Science and Technology of China	Information and communication engineering	uestc.edu.cn
Wuhan University	Information and communication engineering	whu.edu.cn
Xi’an Jiaotong University	Information and communication engineering	xjtu.edu.cn
Xi’an University of Posts and Telecommunications	Information and communication engineering	
Xidian University	Information and communication engineering	xidian.edu.cn
Beihang University	Instrument science and technology	buaa.edu.cn
Changchun University of Science and Technology	Instrument science and technology	cust.edu.cn
Harbin Institute of Technology	Instrument science and technology	hit.edu.cn
Jilin University	Instrument science and technology	jlu.edu.cn
Nanchang Hangkong University	Instrument science and technology	nchu.edu.cn
Tsinghua University	Instrument science and technology	tsinghua.edu.cn
Xiangtan University	Instrument science and technology	xtu.edu.cn
Aero Engine Corporation of China	Materials science and technology	aecc.cn
Army Academy of Armored Forces	Materials science and technology	
Beijing Institute of Technology	Materials science and technology	bit.edu.cn
Beijing University of Chemical Technology	Materials science and technology	buct.edu.cn
Central South University	Materials science and technology	csu.edu.cn
Changchun University of Science and Technology	Materials science and technology	cust.edu.cn
China North Industries Group	Materials science and technology	norincogroup.com.cn
China South Industries Group	Materials science and technology	chinasouth.com.cn
China University of Mining and Technology	Materials science and technology	cumt.edu.cn
Chinese Academy of Engineering Physics	Materials science and technology	caep.cn
Commercial Aircraft Corporation of China	Materials science and technology	
Donghua University	Materials science and technology	dhu.edu.cn
East China University of Technology	Materials science and technology	ecut.edu.cn
Fudan University	Materials science and technology	fudan.edu.cn
Guilin University of Electronic Science and Technology	Materials science and technology	guet.edu.cn
Harbin Institute of Technology	Materials science and technology	hit.edu.cn
Harbin University of Science and Technology	Materials science and technology	hrbust.edu.cn
Hebei University of Science and Technology	Materials science and technology	hebust.edu.cn
Heilongjiang Institute of Technology	Materials science and technology	hljit.edu.cn
Heilongjiang University	Materials science and technology	hlju.edu.cn
Henan University of Science and Technology	Materials science and technology	
Hunan University	Materials science and technology	hnu.edu.cn
Hunan University of Science and Technology	Materials science and technology	hnust.cn
Jiangsu University of Science and Technology	Materials science and technology	
Jilin University	Materials science and technology	jlu.edu.cn
Lanzhou University	Materials science and technology	lzu.edu.cn
Lanzhou University of Technology	Materials science and technology	lut.edu.cn
Nanchang Hangkong University	Materials science and technology	nchu.edu.cn
Nanjing Tech University	Materials science and technology	njtech.edu.cn
Nanjing University	Materials science and technology	nju.edu.cn
National University of Defense Technology	Materials science and technology	nudt.edu.cn
North China University of Science and Technology	Materials science and technology	ncst.edu.cn
North University of China	Materials science and technology	nuc.edu.cn
Northwest Institute of Nuclear Technology	Materials science and technology	
Northwestern Polytechnical University	Materials science and technology	nwpu.edu.cn
Peking University	Materials science and technology	pku.edu.cn
Shandong University	Materials science and technology	sdu.edu.cn
Shandong University of Technology	Materials science and technology	sdut.edu.cn
Shanghai Jiao Tong University	Materials science and technology	sjtu.edu.cn
Shanghai University	Materials science and technology	shu.edu.cn
Shenyang Ligong University	Materials science and technology	
Sichuan University	Materials science and technology	scu.edu.cn
South China University of Technology	Materials science and technology	scut.edu.cn
Tianjin University	Materials science and technology	tju.edu.cn
Tongji University	Materials science and technology	tongji.edu.cn
Tsinghua University	Materials science and technology	tsinghua.edu.cn
University of Electronic Science and Technology of China	Materials science and technology	uestc.edu.cn
University of Science and Technology Beijing	Materials science and technology	ustb.edu.cn
Wuhan University	Materials science and technology	whu.edu.cn
Wuhan University of Technology	Materials science and technology	whut.edu.cn
Xi’an Jiaotong University	Materials science and technology	xjtu.edu.cn
Xi’an Technological University	Materials science and technology	
Xiamen University	Materials science and technology	xmu.edu.cn
Xiangtan University	Materials science and technology	xtu.edu.cn
Yanshan University	Materials science and technology	ysu.edu.cn
Beihang University	Mathematics	buaa.edu.cn
Chinese Academy of Engineering Physics	Mathematics	caep.cn
Harbin Institute of Technology	Mathematics	hit.edu.cn
Officers College of the PAP	Mathematics	
Army Academy of Armored Forces	Mechanical engineering	
Army Engineering University	Mechanical engineering	
Army Research Institute	Mechanical engineering	
Beijing Institute of Technology	Mechanical engineering	bit.edu.cn
Changchun University of Science and Technology	Mechanical engineering	cust.edu.cn
China North Industries Group	Mechanical engineering	norincogroup.com.cn
China South Industries Group	Mechanical engineering	chinasouth.com.cn
China University of Mining and Technology	Mechanical engineering	cumt.edu.cn
Chinese Academy of Engineering Physics	Mechanical engineering	caep.cn
Dalian University of Technology	Mechanical engineering	dlut.edu.cn
Engineering University of the CAPF	Mechanical engineering	
Fudan University	Mechanical engineering	fudan.edu.cn
Harbin Institute of Technology	Mechanical engineering	hit.edu.cn
Harbin University of Science and Technology	Mechanical engineering	hrbust.edu.cn
Hebei University	Mechanical engineering	
Henan University of Science and Technology	Mechanical engineering	
Huazhong University of Science and Technology	Mechanical engineering	hust.edu.cn
Hunan University of Science and Technology	Mechanical engineering	hnust.cn
Jilin University	Mechanical engineering	jlu.edu.cn
Nanchang University	Mechanical engineering	
North University of China	Mechanical engineering	nuc.edu.cn
Northwestern Polytechnical University	Mechanical engineering	nwpu.edu.cn
Peking University	Mechanical engineering	pku.edu.cn
Rocket Force University of Engineering	Mechanical engineering	
Shandong University of Technology	Mechanical engineering	sdut.edu.cn
Shenyang Aerospace University	Mechanical engineering	sau.edu.cn
Shenyang Ligong University	Mechanical engineering	
Southeast University	Mechanical engineering	seu.edu.cn
Tsinghua University	Mechanical engineering	tsinghua.edu.cn
Wuhan University of Technology	Mechanical engineering	whut.edu.cn
Xi’an Technological University	Mechanical engineering	
Xiangtan University	Mechanical engineering	xtu.edu.cn
Xidian University	Mechanical engineering	xidian.edu.cn
Yanshan University	Mechanical engineering	ysu.edu.cn
Zhejiang University	Mechanical engineering	zju.edu.cn
Beihang University	Mechanics	buaa.edu.cn
China University of Mining and Technology	Mechanics	cumt.edu.cn
Chinese Academy of Engineering Physics	Mechanics	caep.cn
Harbin Engineering University	Mechanics	hrbeu.edu.cn
Harbin Institute of Technology	Mechanics	hit.edu.cn
Hebei University of Science and Technology	Mechanics	hebust.edu.cn
Hunan University	Mechanics	hnu.edu.cn
Lanzhou University	Mechanics	lzu.edu.cn
Nanjing University of Science and Technology	Mechanics	njust.edu.cn
North University of China	Mechanics	nuc.edu.cn
Northeastern University	Mechanics	
Northwestern Polytechnical University	Mechanics	nwpu.edu.cn
Peking University	Mechanics	pku.edu.cn
Shanghai Jiao Tong University	Mechanics	sjtu.edu.cn
Wuhan University	Mechanics	whu.edu.cn
Wuhan University of Technology	Mechanics	whut.edu.cn
Army Medical University	Medicine	
Navy Medical University	Medicine	
Soochow University	Medicine	suda.edu.cn
Kunming University of Science and Technology	Metallurgical engineering	kmust.edu.cn
University of Science and Technology Beijing	Metallurgical engineering	ustb.edu.cn
University of South China	Mining engineering	usc.edu.cn
China Coast Guard Academy	Naval architecture and ocean engineering	
China Shipbuilding Industry Corporation	Naval architecture and ocean engineering	csic.com.cn
China State Shipbuilding Corporation	Naval architecture and ocean engineering	
Harbin Engineering University	Naval architecture and ocean engineering	hrbeu.edu.cn
Huazhong University of Science and Technology	Naval architecture and ocean engineering	hust.edu.cn
Jiangsu University of Science and Technology	Naval architecture and ocean engineering	
Lanzhou University of Technology	Naval architecture and ocean engineering	lut.edu.cn
Naval Research Academy	Naval architecture and ocean engineering	
Naval University of Engineering	Naval architecture and ocean engineering	
Navy Submarine Academy	Naval architecture and ocean engineering	
Shanghai Jiao Tong University	Naval architecture and ocean engineering	sjtu.edu.cn
Southeast University	Naval architecture and ocean engineering	seu.edu.cn
Wuhan University of Technology	Naval architecture and ocean engineering	whut.edu.cn
Academy of Military Science	Nuclear science and technology	
Beihang University	Nuclear science and technology	buaa.edu.cn
China National Nuclear Corporation	Nuclear science and technology	cnnc.com.cn
Chinese Academy of Engineering Physics	Nuclear science and technology	caep.cn
East China University of Technology	Nuclear science and technology	ecut.edu.cn
Harbin Engineering University	Nuclear science and technology	hrbeu.edu.cn
Institute of NBC Defense	Nuclear science and technology	
Lanzhou University	Nuclear science and technology	lzu.edu.cn
Nanjing University of Aeronautics and Astronautics	Nuclear science and technology	nuaa.edu.cn
Naval University of Engineering	Nuclear science and technology	
Northwest Institute of Nuclear Technology	Nuclear science and technology	
Peking University	Nuclear science and technology	pku.edu.cn
Shanghai Jiao Tong University	Nuclear science and technology	sjtu.edu.cn
Sichuan University	Nuclear science and technology	scu.edu.cn
Soochow University	Nuclear science and technology	suda.edu.cn
Southwest University of Science and Technology	Nuclear science and technology	swust.edu.cn
University of South China	Nuclear science and technology	usc.edu.cn
Chinese Academy of Engineering Physics	Nuclear weapons	caep.cn
Harbin Engineering University	Nuclear weapons	hrbeu.edu.cn
Hunan University	Nuclear weapons	hnu.edu.cn
Jilin University	Nuclear weapons	jlu.edu.cn
National University of Defense Technology	Nuclear weapons	nudt.edu.cn
Peking University	Nuclear weapons	pku.edu.cn
Rocket Force Command College	Nuclear weapons	
Sichuan University	Nuclear weapons	scu.edu.cn
Southwest University of Science and Technology	Nuclear weapons	swust.edu.cn
Sun Yat-sen University	Nuclear weapons	sysu.edu.cn
Tsinghua University	Nuclear weapons	tsinghua.edu.cn
University of Electronic Science and Technology of China	Nuclear weapons	uestc.edu.cn
Army Research Institute	Optical engineering	
Beijing Institute of Technology	Optical engineering	bit.edu.cn
Changchun University of Science and Technology	Optical engineering	cust.edu.cn
China South Industries Group	Optical engineering	chinasouth.com.cn
Chinese Academy of Engineering Physics	Optical engineering	caep.cn
Harbin Institute of Technology	Optical engineering	hit.edu.cn
Heilongjiang Institute of Technology	Optical engineering	hljit.edu.cn
Huazhong University of Science and Technology	Optical engineering	hust.edu.cn
Nanchang Hangkong University	Optical engineering	nchu.edu.cn
Nanjing Tech University	Optical engineering	njtech.edu.cn
Nanjing University of Science and Technology	Optical engineering	njust.edu.cn
National University of Defense Technology	Optical engineering	nudt.edu.cn
Northwest Institute of Nuclear Technology	Optical engineering	
Peking University	Optical engineering	pku.edu.cn
Shandong University	Optical engineering	sdu.edu.cn
Soochow University	Optical engineering	suda.edu.cn
Tianjin University	Optical engineering	tju.edu.cn
University of Electronic Science and Technology of China	Optical engineering	uestc.edu.cn
University of Shanghai for Science and Technology	Optical engineering	usst.edu.cn
Xi’an Technological University	Optical engineering	
Air Force Engineering University	Physics	afeu.cn
Beihang University	Physics	buaa.edu.cn
Chinese Academy of Engineering Physics	Physics	caep.cn
Northwest Institute of Nuclear Technology	Physics	
Officers College of the PAP	Physics	
Peking University	Physics	pku.edu.cn
Sichuan University	Physics	scu.edu.cn
Tsinghua University	Physics	tsinghua.edu.cn
Aero Engine Corporation of China	Power engineering and engineering thermophysics	aecc.cn
China National Nuclear Corporation	Power engineering and engineering thermophysics	cnnc.com.cn
Naval University of Engineering	Power engineering and engineering thermophysics	
Shandong University	Power engineering and engineering thermophysics	sdu.edu.cn
Air Force Medical University	Psychological sciences	
Officers College of the PAP	Psychological sciences	
Academy of Military Science	Quantum	
Chinese Academy of Engineering Physics	Quantum	caep.cn
National University of Defense Technology	Quantum	nudt.edu.cn
Peking University	Quantum	pku.edu.cn
University of Science and Technology of China	Quantum	ustc.edu.cn
Beijing University of Posts and Telecommunications	Robotics	bupt.edu.cn
Harbin Engineering University	Robotics	hrbeu.edu.cn
Shanghai University	Robotics	shu.edu.cn
Beijing Institute of Technology	Seven Sons of National Defence	bit.edu.cn
Northwestern Polytechnical University	Seven Sons of National Defence	nwpu.edu.cn
Beihang University	Stealth technology	buaa.edu.cn
Fudan University	Stealth technology	fudan.edu.cn
Harbin Engineering University	Stealth technology	hrbeu.edu.cn
Lanzhou University	Stealth technology	lzu.edu.cn
University of Electronic Science and Technology of China	Stealth technology	uestc.edu.cn
Beihang University	Surveying and mapping	buaa.edu.cn
China Electronics Technology Group Corporation	Surveying and mapping	cetc.com.cn
Dalian Naval Academy	Surveying and mapping	dlut.edu.cn
East China University of Technology	Surveying and mapping	ecut.edu.cn
Information Engineering University	Surveying and mapping	plaieu.edu.cn
Nanjing Normal University	Surveying and mapping	njnu.edu.cn
Naval Research Academy	Surveying and mapping	
Navy Submarine Academy	Surveying and mapping	
Wuhan University	Surveying and mapping	whu.edu.cn
Donghua University	Textile Science and Engineering	dhu.edu.cn
Logistics University of the People’s Armed Police Force	Traffic and transportation engineering	
Railway Police College	Traffic and transportation engineering	
Shijiazhuang Tiedao University	Traffic and transportation engineering	stdu.edu.cn
